{
  "wer": 0.2594142259414226,
  "cer": 0.07892857142857143
}