{
  "wer": 0.12133891213389121,
  "cer": 0.05071428571428571
}