{
  "wer": 0.41422594142259417,
  "cer": 0.1982142857142857
}