{
  "wer": 0.25313807531380755,
  "cer": 0.1432142857142857
}